[{"codebarre":"3274080005003","carrefour":null},{"codebarre":"3017620422003","carrefour":"3,21"},{"codebarre":"7622210449283","carrefour":"1,49"},{"codebarre":"5449000214911","carrefour":null},{"codebarre":"3017620425035","carrefour":"5,89"},{"codebarre":"3175680011480","carrefour":"1,59"},{"codebarre":"7613034626844","carrefour":"2,59"},{"codebarre":"3229820019307","carrefour":"2,19"},{"codebarre":"5449000000996","carrefour":null},{"codebarre":"5449000131805","carrefour":null},{"codebarre":"80135463","carrefour":null},{"codebarre":"5410041001204","carrefour":"0,73"},{"codebarre":"3029330022428","carrefour":"1,89"},{"codebarre":"3229820129488","carrefour":"2,49"},{"codebarre":"5010477348678","carrefour":"3,65"},{"codebarre":"3229820100234","carrefour":"2,35"},{"codebarre":"3017620429484","carrefour":"5,19"},{"codebarre":"3046920022651","carrefour":"1,59"},{"codebarre":"7622210713780","carrefour":"2,59"},{"codebarre":"3175681851849","carrefour":"1,79"},{"codebarre":"8001505005707","carrefour":null},{"codebarre":"80177173","carrefour":null},{"codebarre":"8002270014901","carrefour":null},{"codebarre":"5449000054227","carrefour":null},{"codebarre":"3046920022606","carrefour":"1,79"},{"codebarre":"3046920029759","carrefour":"1,89"},{"codebarre":"3045140105502","carrefour":null},{"codebarre":"3155251205296","carrefour":"1,95"},{"codebarre":"5411188112709","carrefour":"2,39"},{"codebarre":"5411188103387","carrefour":"2,25"},{"codebarre":"3256540000698","carrefour":"1,59"},{"codebarre":"5411188119098","carrefour":"2,15"},{"codebarre":"3155250358788","carrefour":"2,75"},{"codebarre":"3168930009078","carrefour":null},{"codebarre":"7613035040823","carrefour":"1,95"},{"codebarre":"7622201809638","carrefour":"1,70"},{"codebarre":"3225350000501","carrefour":"2,45"},{"codebarre":"8712100871986","carrefour":null},{"codebarre":"8715700017006","carrefour":"2,19"},{"codebarre":"3159470000120","carrefour":"2,59"},{"codebarre":"8715700407760","carrefour":"2,49"},{"codebarre":"3760049790214","carrefour":"2,19"},{"codebarre":"3175680015228","carrefour":"2,69"},{"codebarre":"7613035989535","carrefour":null},{"codebarre":"7622210601988","carrefour":"1,49"},{"codebarre":"7311070032611","carrefour":"3,59"},{"codebarre":"5010029220773","carrefour":null},{"codebarre":"4006985902304","carrefour":null},{"codebarre":"3392460480827","carrefour":"1,95"},{"codebarre":"3033491270864","carrefour":"2,45"},{"codebarre":"3251490332080","carrefour":"1,69"},{"codebarre":"3017760000062","carrefour":"2,15"},{"codebarre":"5010477348357","carrefour":"3,08"},{"codebarre":"3175680011534","carrefour":"1,59"},{"codebarre":"8076809523547","carrefour":"2,25"},{"codebarre":"3068320120256","carrefour":null},{"codebarre":"5000112611861","carrefour":"1,93"},{"codebarre":"3229820021027","carrefour":"1,79"},{"codebarre":"3033710073467","carrefour":"2,75"},{"codebarre":"3061990143365","carrefour":"1,45"},{"codebarre":"3017620421006","carrefour":null},{"codebarre":"3228857001194","carrefour":"1,35"},{"codebarre":"3228857001316","carrefour":"2,34"},{"codebarre":"3168930010906","carrefour":"2,69"},{"codebarre":"3228857000838","carrefour":"1,39"},{"codebarre":"3161711001971","carrefour":"3,55"},{"codebarre":"3046920028721","carrefour":"2,19"},{"codebarre":"5410126006957","carrefour":"2,79"},{"codebarre":"3228857000883","carrefour":"1,39"},{"codebarre":"7622300441937","carrefour":"2,09"},{"codebarre":"8000500329474","carrefour":"3,25"},{"codebarre":"5449000267412","carrefour":"1,65"},{"codebarre":"3228850000262","carrefour":"1,75"},{"codebarre":"3019081239640","carrefour":"1,99"},{"codebarre":"5411188125808","carrefour":"2,65"},{"codebarre":"3242274000059","carrefour":null},{"codebarre":"3182180001996","carrefour":"2,19"},{"codebarre":"3033491279713","carrefour":"1,75"},{"codebarre":"3251490320001","carrefour":"1,39"},{"codebarre":"4008400260921","carrefour":"2,80"},{"codebarre":"7613035866386","carrefour":null},{"codebarre":"8076809513722","carrefour":"1,69"},{"codebarre":"3664346312936","carrefour":"3,45"},{"codebarre":"3068320114453","carrefour":null},{"codebarre":"3228886030011","carrefour":null},{"codebarre":"8410376026962","carrefour":null},{"codebarre":"7613036669146","carrefour":"3,19"},{"codebarre":"3523230028431","carrefour":"2,25"},{"codebarre":"4008400828121","carrefour":"2,80"},{"codebarre":"5010477348630","carrefour":null},{"codebarre":"7622210476104","carrefour":"2,25"},{"codebarre":"3017760686792","carrefour":"1,35"},{"codebarre":"3088540004440","carrefour":"2,69"},{"codebarre":"3033490506629","carrefour":null},{"codebarre":"3664346305990","carrefour":"2,39"},{"codebarre":"5000159459228","carrefour":null},{"codebarre":"5411188118961","carrefour":"2,15"},{"codebarre":"3088545004001","carrefour":"4,55"},{"codebarre":"7622210998095","carrefour":"0,95"},{"codebarre":"3017760542890","carrefour":"2,29"},{"codebarre":"3168930009795","carrefour":"3,95"},{"codebarre":"80052760","carrefour":null},{"codebarre":"7613287514325","carrefour":"3,45"},{"codebarre":"3046920029780","carrefour":"1,79"},{"codebarre":"5053827192699","carrefour":null},{"codebarre":"3228021170039","carrefour":"1,89"},{"codebarre":"7622210770714","carrefour":"2,89"},{"codebarre":"5411188115472","carrefour":"1,95"},{"codebarre":"7622210444141","carrefour":"2,45"},{"codebarre":"8000430138719","carrefour":"1,25"},{"codebarre":"5060088707685","carrefour":"3,25"},{"codebarre":"3229820791081","carrefour":"1,99"},{"codebarre":"5411188116592","carrefour":"2,20"},{"codebarre":"3229820794532","carrefour":"2,49"},{"codebarre":"3254691586054","carrefour":"2,05"},{"codebarre":"3021769505602","carrefour":null},{"codebarre":"8715700423913","carrefour":"2,45"},{"codebarre":"3175681028111","carrefour":"2,39"},{"codebarre":"3041090061615","carrefour":"1,95"},{"codebarre":"3159470001424","carrefour":"3,15"},{"codebarre":"3229820181950","carrefour":"2,89"},{"codebarre":"3504182920011","carrefour":null},{"codebarre":"3249760000654","carrefour":"1,65"},{"codebarre":"3329770057234","carrefour":"2,49"},{"codebarre":"8712100325953","carrefour":null},{"codebarre":"3155251205302","carrefour":"3,55"},{"codebarre":"7311070032604","carrefour":"3,69"},{"codebarre":"3229820181424","carrefour":"3,15"},{"codebarre":"9002490205973","carrefour":"1,05"},{"codebarre":"3046920028363","carrefour":null},{"codebarre":"3664346306003","carrefour":"3,88"},{"codebarre":"8000500167113","carrefour":null},{"codebarre":"3175681037854","carrefour":"1,99"},{"codebarre":"5010477348517","carrefour":"3,69"},{"codebarre":"7613034579102","carrefour":null},{"codebarre":"8719200012608","carrefour":"2,85"},{"codebarre":"3608580758686","carrefour":"1,55"},{"codebarre":"5060042641000","carrefour":"2,69"},{"codebarre":"3336971805038","carrefour":"2,29"},{"codebarre":"5010477356277","carrefour":null},{"codebarre":"3056440083193","carrefour":"0,99"},{"codebarre":"3302740047367","carrefour":"2,85"},{"codebarre":"3700214611548","carrefour":"2,35"},{"codebarre":"80761761","carrefour":null},{"codebarre":"87157154","carrefour":null},{"codebarre":"3034470003107","carrefour":"2,35"},{"codebarre":"7622210995087","carrefour":"2,59"},{"codebarre":"3292070005161","carrefour":"2,79"},{"codebarre":"3560070308316","carrefour":"2,39"},{"codebarre":"3033491214509","carrefour":"3,39"},{"codebarre":"3017760472890","carrefour":"2,49"},{"codebarre":"3061990141101","carrefour":"1,99"},{"codebarre":"3124480186560","carrefour":null},{"codebarre":"3023470010017","carrefour":null},{"codebarre":"5411188115366","carrefour":"2,20"},{"codebarre":"7613032655495","carrefour":null},{"codebarre":"3336971805021","carrefour":"2,29"},{"codebarre":"3392460510050","carrefour":"1,89"},{"codebarre":"8000500267035","carrefour":null},{"codebarre":"3251490432650","carrefour":"2,29"},{"codebarre":"3760049790252","carrefour":"1,59"},{"codebarre":"3175681116832","carrefour":"2,35"},{"codebarre":"5000159407236","carrefour":null},{"codebarre":"8000300264388","carrefour":null},{"codebarre":"3038354199603","carrefour":"1,99"},{"codebarre":"3229820794556","carrefour":"3,65"},{"codebarre":"3336971209133","carrefour":"0,99"},{"codebarre":"3560070472888","carrefour":null},{"codebarre":"8000500003787","carrefour":null},{"codebarre":"3048282322646","carrefour":"1,35"},{"codebarre":"3229820794549","carrefour":"3,59"},{"codebarre":"3560070614202","carrefour":"0,89"},{"codebarre":"8076802085981","carrefour":"1,09"},{"codebarre":"8000500310397","carrefour":"1,95"},{"codebarre":"3021690201123","carrefour":"1,49"},{"codebarre":"3046920010047","carrefour":"2,09"},{"codebarre":"3760049790818","carrefour":"1,59"},{"codebarre":"3760020500658","carrefour":"7,85"},{"codebarre":"3033490128005","carrefour":null},{"codebarre":"3229820004334","carrefour":"3,29"},{"codebarre":"5060335632302","carrefour":"1,19"},{"codebarre":"5410041040807","carrefour":"1,29"},{"codebarre":"8715700421353","carrefour":"2,05"},{"codebarre":"5053827101424","carrefour":"2,59"},{"codebarre":"7622210869616","carrefour":"2,35"},{"codebarre":"3045320517101","carrefour":null},{"codebarre":"5411188124269","carrefour":"2,19"},{"codebarre":"7613034897930","carrefour":null},{"codebarre":"3046920022705","carrefour":"1,65"},{"codebarre":"3560070910366","carrefour":"9,55"},{"codebarre":"3760091722508","carrefour":"2,69"},{"codebarre":"5410041005707","carrefour":"1,35"},{"codebarre":"5449000011527","carrefour":null},{"codebarre":"3045320008401","carrefour":"1,69"},{"codebarre":"3183280001800","carrefour":"0,48"},{"codebarre":"3229820762692","carrefour":"3,15"},{"codebarre":"3278690085646","carrefour":"2,25"},{"codebarre":"8712100751370","carrefour":"1,55"},{"codebarre":"3034450001123","carrefour":"1,75"},{"codebarre":"3468570116601","carrefour":null},{"codebarre":"3228857000876","carrefour":"0,96"},{"codebarre":"8719200031449","carrefour":"3,35"},{"codebarre":"3024720026895","carrefour":"2,49"},{"codebarre":"3178530410136","carrefour":"4,15"},{"codebarre":"3330720237255","carrefour":"3,89"},{"codebarre":"7622210995063","carrefour":"2,35"},{"codebarre":"3175681077324","carrefour":"1,99"},{"codebarre":"3270190021087","carrefour":"1,85"},{"codebarre":"3083681094923","carrefour":"2,25"},{"codebarre":"3029330022411","carrefour":"1,75"},{"codebarre":"7622210422163","carrefour":"2,09"},{"codebarre":"3248830000150","carrefour":"1,95"},{"codebarre":"3266980028428","carrefour":"2,35"},{"codebarre":"3270190136880","carrefour":"1,49"},{"codebarre":"9002490100070","carrefour":null},{"codebarre":"3174660084513","carrefour":"2,59"},{"codebarre":"3341504005540","carrefour":"2,49"},{"codebarre":"3073781099621","carrefour":"2,55"},{"codebarre":"5060042640515","carrefour":null},{"codebarre":"8585002484093","carrefour":"2,25"},{"codebarre":"8719200031524","carrefour":"2,15"},{"codebarre":"3045140118502","carrefour":null},{"codebarre":"3229820181899","carrefour":"2,25"},{"codebarre":"3560070879762","carrefour":"2,19"},{"codebarre":"5053827184717","carrefour":null},{"codebarre":"3023260030980","carrefour":"2,85"},{"codebarre":"3038350013002","carrefour":"1,15"},{"codebarre":"3220035210008","carrefour":"2,69"},{"codebarre":"3229820784939","carrefour":"1,89"},{"codebarre":"3270190025337","carrefour":null},{"codebarre":"3421557910203","carrefour":"2,29"},{"codebarre":"3700214614266","carrefour":"2,55"},{"codebarre":"5010029000061","carrefour":null},{"codebarre":"3045140105106","carrefour":"2,05"},{"codebarre":"3329770047891","carrefour":null},{"codebarre":"3228857001347","carrefour":"3,19"},{"codebarre":"3033710071005","carrefour":"5,49"},{"codebarre":"3080216049632","carrefour":null},{"codebarre":"3245412567216","carrefour":null},{"codebarre":"3523680438224","carrefour":"1,99"},{"codebarre":"5449000214805","carrefour":null},{"codebarre":"7613035336131","carrefour":null},{"codebarre":"8002470023727","carrefour":"10,19"},{"codebarre":"3242272250050","carrefour":"2,85"},{"codebarre":"3248832940522","carrefour":"3,69"},{"codebarre":"3560070689897","carrefour":null},{"codebarre":"3608580823452","carrefour":"2,25"},{"codebarre":"3664320011510","carrefour":null},{"codebarre":"8000500150245","carrefour":null},{"codebarre":"3165433714010","carrefour":"1,99"},{"codebarre":"3600900011037","carrefour":"3,35"},{"codebarre":"7613034926814","carrefour":null},{"codebarre":"3165432640006","carrefour":"1,36"},{"codebarre":"3178530405774","carrefour":"2,29"},{"codebarre":"3229820794648","carrefour":"1,59"},{"codebarre":"3608580765653","carrefour":"2,49"},{"codebarre":"3760091725301","carrefour":"2,59"},{"codebarre":"8412600009345","carrefour":null},{"codebarre":"3073781115673","carrefour":null},{"codebarre":"3083681117011","carrefour":"3,85"},{"codebarre":"8711327385603","carrefour":"3,05"},{"codebarre":"3175681072916","carrefour":"2,25"},{"codebarre":"3498425591253","carrefour":"2,55"},{"codebarre":"5038862165501","carrefour":"2,99"},{"codebarre":"5053990155941","carrefour":"2,35"},{"codebarre":"3229820800325","carrefour":null},{"codebarre":"8001665714372","carrefour":"3,95"},{"codebarre":"3033710077274","carrefour":"5,45"},{"codebarre":"3250541920139","carrefour":"2,75"},{"codebarre":"3252378001319","carrefour":"0,59"},{"codebarre":"3273220085301","carrefour":"1,85"},{"codebarre":"3329770051096","carrefour":"1,99"},{"codebarre":"3760020508388","carrefour":"2,79"},{"codebarre":"7622210717801","carrefour":"1,45"},{"codebarre":"3083680901024","carrefour":"1,99"},{"codebarre":"3175681028098","carrefour":"2,55"},{"codebarre":"7622210713902","carrefour":"4,15"},{"codebarre":"7622300292508","carrefour":"2,49"},{"codebarre":"8001665714389","carrefour":"3,95"},{"codebarre":"3017760803991","carrefour":"2,99"},{"codebarre":"3033710074518","carrefour":"4,49"},{"codebarre":"3252378000954","carrefour":"0,95"},{"codebarre":"3270190113508","carrefour":null},{"codebarre":"7613032921767","carrefour":null},{"codebarre":"3242274003050","carrefour":null},{"codebarre":"3270190020936","carrefour":"1,85"},{"codebarre":"3302740483103","carrefour":"4,15"},{"codebarre":"7613035898646","carrefour":"2,49"},{"codebarre":"3068320080000","carrefour":null},{"codebarre":"3174660000896","carrefour":"1,85"},{"codebarre":"3760020505936","carrefour":"2,49"},{"codebarre":"3329770076471","carrefour":"2,55"},{"codebarre":"3045320001570","carrefour":"2,99"},{"codebarre":"8719200204195","carrefour":null},{"codebarre":"3154230600183","carrefour":"1,29"},{"codebarre":"3017760595193","carrefour":"1,55"},{"codebarre":"3083681081596","carrefour":"2,25"},{"codebarre":"3124480186676","carrefour":null},{"codebarre":"3175681136397","carrefour":"3,29"},{"codebarre":"3497917000907","carrefour":"1,45"},{"codebarre":"3664346306621","carrefour":"1,55"},{"codebarre":"3083681093926","carrefour":"3,25"},{"codebarre":"3661344688339","carrefour":"1,99"},{"codebarre":"3046920028004","carrefour":null},{"codebarre":"3154230040286","carrefour":"2,65"},{"codebarre":"3273220012123","carrefour":"2,95"},{"codebarre":"3599741003380","carrefour":"4,15"},{"codebarre":"8410014478764","carrefour":null},{"codebarre":"3033491024832","carrefour":"2,49"},{"codebarre":"3036811363147","carrefour":"1,85"},{"codebarre":"3166352967211","carrefour":"3,45"},{"codebarre":"3245412694516","carrefour":"1,99"},{"codebarre":"3270190207696","carrefour":"1,89"},{"codebarre":"3523230029681","carrefour":"3,29"},{"codebarre":"3660603004774","carrefour":"1,45"},{"codebarre":"5449000004840","carrefour":"1,95"},{"codebarre":"5449000008046","carrefour":null},{"codebarre":"3033490004590","carrefour":null},{"codebarre":"3038359007224","carrefour":"4,09"},{"codebarre":"3178530408515","carrefour":"2,49"},{"codebarre":"3256540001787","carrefour":null},{"codebarre":"7613031514274","carrefour":null},{"codebarre":"7613035859098","carrefour":"2,99"},{"codebarre":"3560071190965","carrefour":"1,99"},{"codebarre":"3154230600121","carrefour":"1,35"},{"codebarre":"3083680025881","carrefour":"1,15"},{"codebarre":"3178530402988","carrefour":"1,45"},{"codebarre":"3178530404678","carrefour":"5,59"},{"codebarre":"3431410001023","carrefour":"2,10"},{"codebarre":"3523230030793","carrefour":"2,85"},{"codebarre":"3560070778065","carrefour":"1,85"},{"codebarre":"3600900006972","carrefour":"2,15"},{"codebarre":"5038862166508","carrefour":"2,99"},{"codebarre":"8410076481597","carrefour":"2,39"},{"codebarre":"8410376000825","carrefour":null},{"codebarre":"3175681263130","carrefour":"2,75"},{"codebarre":"3497917002451","carrefour":"4,69"},{"codebarre":"3033491350795","carrefour":"1,59"},{"codebarre":"3033710003228","carrefour":"4,39"},{"codebarre":"3178530403022","carrefour":"1,45"},{"codebarre":"4002359654404","carrefour":null},{"codebarre":"5410126004021","carrefour":"2,09"},{"codebarre":"3124480195319","carrefour":"1,89"},{"codebarre":"3270190127765","carrefour":"1,19"},{"codebarre":"3297760097143","carrefour":"1,69"},{"codebarre":"3523230014267","carrefour":"2,55"},{"codebarre":"8000500309469","carrefour":null},{"codebarre":"3560071406073","carrefour":"1,99"},{"codebarre":"3017760000406","carrefour":"1,25"},{"codebarre":"3045320083453","carrefour":null},{"codebarre":"3123930710737","carrefour":"2,45"},{"codebarre":"3166359678103","carrefour":"3,95"},{"codebarre":"3248832960025","carrefour":"3,29"},{"codebarre":"3354599571005","carrefour":"2,79"},{"codebarre":"3560071014094","carrefour":"1,65"},{"codebarre":"3608580823476","carrefour":"3,35"},{"codebarre":"7613035989443","carrefour":null},{"codebarre":"8722700027775","carrefour":"1,85"},{"codebarre":"3228857001132","carrefour":"2,25"},{"codebarre":"3045320027280","carrefour":null},{"codebarre":"3178530411492","carrefour":"3,15"},{"codebarre":"3179730115821","carrefour":null},{"codebarre":"3661344221772","carrefour":"1,99"},{"codebarre":"3760091726667","carrefour":"2,65"},{"codebarre":"7622400006753","carrefour":"1,65"},{"codebarre":"8024884600301","carrefour":null},{"codebarre":"3073781116090","carrefour":null},{"codebarre":"3061990143372","carrefour":"1,45"},{"codebarre":"3168930009801","carrefour":"3,89"},{"codebarre":"3175681854475","carrefour":"3,25"},{"codebarre":"3245411253844","carrefour":null},{"codebarre":"3412290015980","carrefour":"3,19"},{"codebarre":"3560071010522","carrefour":"1,89"},{"codebarre":"5411188122661","carrefour":"3,09"},{"codebarre":"8076809543934","carrefour":"1,85"},{"codebarre":"8852018101017","carrefour":"0,55"},{"codebarre":"3057640265358","carrefour":null},{"codebarre":"3024720022422","carrefour":"2,45"},{"codebarre":"3123349011227","carrefour":"2,09"},{"codebarre":"3176582033334","carrefour":"1,99"},{"codebarre":"3270190008262","carrefour":"8,75"},{"codebarre":"3412290071801","carrefour":"2,09"},{"codebarre":"7622210713803","carrefour":"3,85"},{"codebarre":"3109850018511","carrefour":"4,15"},{"codebarre":"3166352968591","carrefour":"3,59"},{"codebarre":"3178530404241","carrefour":null},{"codebarre":"3245414620131","carrefour":"1,29"},{"codebarre":"3560071010058","carrefour":"2,95"},{"codebarre":"3608580006657","carrefour":"1,39"},{"codebarre":"5900020006226","carrefour":"2,55"},{"codebarre":"7610216210464","carrefour":"1,69"},{"codebarre":"8002270015328","carrefour":null},{"codebarre":"3023260005872","carrefour":"3,39"},{"codebarre":"3033710075225","carrefour":"5,55"},{"codebarre":"3448781100002","carrefour":null},{"codebarre":"3560071157722","carrefour":"3,15"},{"codebarre":"5449000051981","carrefour":null},{"codebarre":"8712566145003","carrefour":"2,59"},{"codebarre":"6111252421568","carrefour":null},{"codebarre":"5411188135005","carrefour":null},{"codebarre":"3017760038706","carrefour":"1,05"},{"codebarre":"3166353931402","carrefour":"3,59"},{"codebarre":"3248832967284","carrefour":"3,45"},{"codebarre":"3560070149278","carrefour":"2,79"},{"codebarre":"6111242101142","carrefour":null},{"codebarre":"8076800195033","carrefour":"1,19"},{"codebarre":"8715035130104","carrefour":null},{"codebarre":"90357473","carrefour":null},{"codebarre":"3302740057502","carrefour":"2,45"},{"codebarre":"3017760290692","carrefour":null},{"codebarre":"3021769505619","carrefour":null},{"codebarre":"3088866541056","carrefour":"3,05"},{"codebarre":"3163937010003","carrefour":"18,79"},{"codebarre":"3175681060524","carrefour":"1,89"},{"codebarre":"3421557501630","carrefour":"5,65"},{"codebarre":"3560070157198","carrefour":"1,65"},{"codebarre":"3560070740338","carrefour":"3,15"},{"codebarre":"5053827188531","carrefour":null},{"codebarre":"5400101041424","carrefour":"2,99"},{"codebarre":"5060517889852","carrefour":"1,45"},{"codebarre":"3182180002542","carrefour":"2,65"},{"codebarre":"3045320072518","carrefour":"3,15"},{"codebarre":"3124480185266","carrefour":"2,99"},{"codebarre":"3229820019611","carrefour":"1,99"},{"codebarre":"8076800195019","carrefour":"1,09"},{"codebarre":"8076808060654","carrefour":null},{"codebarre":"8076809512268","carrefour":"1,09"},{"codebarre":"8722700114703","carrefour":"2,25"},{"codebarre":"3033491432736","carrefour":"1,85"},{"codebarre":"3560071194345","carrefour":"1,79"},{"codebarre":"3228857001507","carrefour":"1,69"},{"codebarre":"3302740058660","carrefour":"2,15"},{"codebarre":"3036811366230","carrefour":null},{"codebarre":"3083680652094","carrefour":"1,29"},{"codebarre":"3242272922056","carrefour":"2,45"},{"codebarre":"3259011046300","carrefour":"2,49"},{"codebarre":"3276551080656","carrefour":"0,99"},{"codebarre":"3497911105127","carrefour":"1,45"},{"codebarre":"3560070710713","carrefour":"1,79"},{"codebarre":"5013803000035","carrefour":null},{"codebarre":"9002515600653","carrefour":"2,45"},{"codebarre":"3560071096984","carrefour":null},{"codebarre":"3168930164661","carrefour":"1,19"},{"codebarre":"3166290200197","carrefour":"1,55"},{"codebarre":"3178050000725","carrefour":"6,79"},{"codebarre":"3498425800058","carrefour":"2,65"},{"codebarre":"3560070060252","carrefour":"0,99"},{"codebarre":"3560070386352","carrefour":"2,19"},{"codebarre":"3608580823513","carrefour":"2,29"},{"codebarre":"3660140846455","carrefour":"2,59"},{"codebarre":"5038862239677","carrefour":"3,99"},{"codebarre":"5411188115458","carrefour":null},{"codebarre":"3154230802280","carrefour":"2,29"},{"codebarre":"3014680009175","carrefour":"1,79"},{"codebarre":"3068320118437","carrefour":"1,29"},{"codebarre":"3123349014129","carrefour":"2,99"},{"codebarre":"3165440002919","carrefour":"2,45"},{"codebarre":"3229820787985","carrefour":"1,99"},{"codebarre":"3248832940539","carrefour":"4,79"},{"codebarre":"3502490171606","carrefour":null},{"codebarre":"4008400163826","carrefour":"4,75"},{"codebarre":"7613035989566","carrefour":null},{"codebarre":"3222110030884","carrefour":"3,09"},{"codebarre":"3019081236267","carrefour":null},{"codebarre":"3038350013606","carrefour":"1,15"},{"codebarre":"3051106605016","carrefour":null},{"codebarre":"3166352940092","carrefour":"4,15"},{"codebarre":"3245412846991","carrefour":"3,79"},{"codebarre":"3270190021179","carrefour":"2,39"},{"codebarre":"3270190128717","carrefour":"1,19"},{"codebarre":"3372900020059","carrefour":"3,39"},{"codebarre":"3392460488809","carrefour":"1,65"},{"codebarre":"3392590203501","carrefour":null},{"codebarre":"3421557910494","carrefour":"3,99"},{"codebarre":"3560070845408","carrefour":"0,95"},{"codebarre":"5410041000900","carrefour":null},{"codebarre":"5410126716016","carrefour":null},{"codebarre":"7613035336100","carrefour":null},{"codebarre":"7613036077569","carrefour":null},{"codebarre":"7613036400640","carrefour":"1,89"},{"codebarre":"3302740030925","carrefour":"3,89"},{"codebarre":"3228857001330","carrefour":"3,15"},{"codebarre":"3056440032696","carrefour":"1,35"},{"codebarre":"3068110702235","carrefour":"1,29"},{"codebarre":"3095758049019","carrefour":"2,95"},{"codebarre":"3175681060586","carrefour":"1,79"},{"codebarre":"3422440006423","carrefour":null},{"codebarre":"3560070391073","carrefour":"1,99"},{"codebarre":"3599740001608","carrefour":null},{"codebarre":"3700278403936","carrefour":null},{"codebarre":"5055953902531","carrefour":"2,35"},{"codebarre":"3123349014433","carrefour":"2,79"},{"codebarre":"3329770063525","carrefour":null},{"codebarre":"3021769505626","carrefour":null},{"codebarre":"3068320110097","carrefour":null},{"codebarre":"3103220033838","carrefour":"4,79"},{"codebarre":"3242272347552","carrefour":"4,59"},{"codebarre":"3245412511561","carrefour":"1,39"},{"codebarre":"3245413451804","carrefour":"2,15"},{"codebarre":"3302740606106","carrefour":"3,55"},{"codebarre":"3560070449675","carrefour":"1,69"},{"codebarre":"3560071018412","carrefour":null},{"codebarre":"5038862161503","carrefour":"2,99"},{"codebarre":"3023290030585","carrefour":"2,49"},{"codebarre":"3021762383306","carrefour":null},{"codebarre":"3033710019526","carrefour":"3,25"},{"codebarre":"3057640385148","carrefour":"1,79"},{"codebarre":"3088545004018","carrefour":null},{"codebarre":"3124480185112","carrefour":null},{"codebarre":"3165958350014","carrefour":"2,35"},{"codebarre":"3179142054589","carrefour":"1,25"},{"codebarre":"3223920620128","carrefour":"2,49"},{"codebarre":"3245413808196","carrefour":"1,65"},{"codebarre":"3265479432005","carrefour":"10,85"},{"codebarre":"3270190128519","carrefour":"1,99"},{"codebarre":"3307130803004","carrefour":"3,45"},{"codebarre":"3422440006416","carrefour":null},{"codebarre":"3560070823291","carrefour":"1,95"},{"codebarre":"3560071006822","carrefour":"0,95"},{"codebarre":"3661344795372","carrefour":"2,25"},{"codebarre":"7610036002737","carrefour":null},{"codebarre":"8715035110304","carrefour":"5,29"},{"codebarre":"3661344723290","carrefour":"4,15"},{"codebarre":"3083680002929","carrefour":"0,99"},{"codebarre":"3092718605971","carrefour":null},{"codebarre":"3175680013231","carrefour":"2,95"},{"codebarre":"3497911101129","carrefour":"1,45"},{"codebarre":"3560070401826","carrefour":"1,65"},{"codebarre":"3560070737048","carrefour":"1,75"},{"codebarre":"3560070792368","carrefour":"3,49"},{"codebarre":"3560070825493","carrefour":"1,30"},{"codebarre":"3760056260076","carrefour":"1,49"},{"codebarre":"3760091724632","carrefour":"2,69"},{"codebarre":"5449000147417","carrefour":null},{"codebarre":"7613036278508","carrefour":null},{"codebarre":"3322680010801","carrefour":"2,19"},{"codebarre":"3073781069259","carrefour":"3,45"},{"codebarre":"3095751510011","carrefour":null},{"codebarre":"3175681851832","carrefour":"2,99"},{"codebarre":"3178530407327","carrefour":null},{"codebarre":"3229820181738","carrefour":"1,85"},{"codebarre":"3270190212980","carrefour":"0,74"},{"codebarre":"3422440006430","carrefour":null},{"codebarre":"3478820008235","carrefour":"3,29"},{"codebarre":"3760020505929","carrefour":"2,55"},{"codebarre":"4000539671104","carrefour":null},{"codebarre":"5400101201712","carrefour":"1,45"},{"codebarre":"3229820799650","carrefour":"2,95"},{"codebarre":"8000500376409","carrefour":"3,25"},{"codebarre":"3019081236250","carrefour":null},{"codebarre":"3033491325250","carrefour":"1,95"},{"codebarre":"3155251205449","carrefour":"1,99"},{"codebarre":"3228881010971","carrefour":"1,59"},{"codebarre":"3245413922403","carrefour":"1,15"},{"codebarre":"3270190136873","carrefour":"1,49"},{"codebarre":"3275240312016","carrefour":"2,15"},{"codebarre":"3329770060142","carrefour":"2,79"},{"codebarre":"3560070837984","carrefour":"2,79"},{"codebarre":"3700214610046","carrefour":"2,49"},{"codebarre":"5410126004113","carrefour":"2,09"},{"codebarre":"8722700139201","carrefour":"1,89"},{"codebarre":"3023290035801","carrefour":"2,35"},{"codebarre":"3560071235611","carrefour":null},{"codebarre":"3560071267582","carrefour":"3,19"},{"codebarre":"3068111301246","carrefour":"2,25"},{"codebarre":"3165957822017","carrefour":"1,79"},{"codebarre":"3178530405781","carrefour":"2,99"},{"codebarre":"3245412590214","carrefour":null},{"codebarre":"3252971595857","carrefour":"3,55"},{"codebarre":"3256540000704","carrefour":"3,14"},{"codebarre":"3502110004239","carrefour":"2,25"},{"codebarre":"3523230023139","carrefour":"4,29"},{"codebarre":"3560070514847","carrefour":"1,35"},{"codebarre":"3599740007266","carrefour":null},{"codebarre":"3760091726650","carrefour":"2,69"},{"codebarre":"4008400811727","carrefour":null},{"codebarre":"5011013100156","carrefour":"14,85"},{"codebarre":"5030765018748","carrefour":"5,25"},{"codebarre":"7622400893124","carrefour":null},{"codebarre":"8712100849084","carrefour":null},{"codebarre":"5449000286291","carrefour":null},{"codebarre":"3700278405916","carrefour":null},{"codebarre":"3023290233702","carrefour":"2,35"},{"codebarre":"3155251205548","carrefour":"2,25"},{"codebarre":"3165958535015","carrefour":"2,15"},{"codebarre":"3168930008996","carrefour":null},{"codebarre":"3175681085688","carrefour":"2,99"},{"codebarre":"3248832967611","carrefour":"4,69"},{"codebarre":"3276170011185","carrefour":"4,99"},{"codebarre":"3278692111169","carrefour":"2,35"},{"codebarre":"3422440006454","carrefour":null},{"codebarre":"3560070218196","carrefour":null},{"codebarre":"3664346306638","carrefour":"4,05"},{"codebarre":"5410228142218","carrefour":null},{"codebarre":"8715035130302","carrefour":null},{"codebarre":"3038350015006","carrefour":"1,15"},{"codebarre":"3038359003363","carrefour":null},{"codebarre":"3056440083995","carrefour":"1,19"},{"codebarre":"3179142720200","carrefour":"4,65"},{"codebarre":"3220035150007","carrefour":"1,85"},{"codebarre":"3227061000023","carrefour":"11,99"},{"codebarre":"3228022000298","carrefour":null},{"codebarre":"3245414104686","carrefour":"1,35"},{"codebarre":"3254381048343","carrefour":null},{"codebarre":"3270190005100","carrefour":"1,79"},{"codebarre":"3302740368103","carrefour":"4,39"},{"codebarre":"3302740484100","carrefour":"3,79"},{"codebarre":"3502110010643","carrefour":"3,45"},{"codebarre":"3560070669981","carrefour":"0,95"},{"codebarre":"3560070877546","carrefour":"2,25"},{"codebarre":"3560071013196","carrefour":"2,39"},{"codebarre":"3599740009277","carrefour":null},{"codebarre":"4012200040263","carrefour":null},{"codebarre":"5053827157018","carrefour":"2,99"},{"codebarre":"7622210722140","carrefour":null},{"codebarre":"8076802085912","carrefour":"1,15"},{"codebarre":"5202390020407","carrefour":"3,09"},{"codebarre":"5000112638745","carrefour":null},{"codebarre":"3046920042932","carrefour":"2,39"},{"codebarre":"3229820796550","carrefour":"3,45"},{"codebarre":"3273220081013","carrefour":null},{"codebarre":"3302748427024","carrefour":"3,45"},{"codebarre":"3329757003926","carrefour":null},{"codebarre":"3387390406849","carrefour":"1,89"},{"codebarre":"3560070510771","carrefour":"1,79"},{"codebarre":"4002359660894","carrefour":null},{"codebarre":"4008258065013","carrefour":"5,00"},{"codebarre":"5050083908729","carrefour":null},{"codebarre":"7622210771049","carrefour":"2,99"},{"codebarre":"8410100020549","carrefour":null},{"codebarre":"3770016162012","carrefour":null},{"codebarre":"3045320001587","carrefour":"3,09"},{"codebarre":"3159470204634","carrefour":"1,99"},{"codebarre":"3179140163818","carrefour":"0,47"},{"codebarre":"3184670006627","carrefour":"2,85"},{"codebarre":"3265472382000","carrefour":null},{"codebarre":"3330720237330","carrefour":"3,59"},{"codebarre":"3428271940028","carrefour":null},{"codebarre":"3451790941610","carrefour":"2,85"},{"codebarre":"3560070370436","carrefour":"1,99"},{"codebarre":"3571492670004","carrefour":null},{"codebarre":"7613032573867","carrefour":"4,23"},{"codebarre":"3302740030932","carrefour":"3,89"},{"codebarre":"3560071232719","carrefour":"1,95"},{"codebarre":"8000500273296","carrefour":"7,45"},{"codebarre":"3023290050347","carrefour":"1,59"},{"codebarre":"3154230802259","carrefour":"2,29"},{"codebarre":"30000117","carrefour":null},{"codebarre":"3033490907730","carrefour":"5,25"},{"codebarre":"3083681027860","carrefour":"3,39"},{"codebarre":"3095754136010","carrefour":"3,95"},{"codebarre":"3095757413019","carrefour":null},{"codebarre":"3159470204429","carrefour":null},{"codebarre":"3245390028594","carrefour":"1,59"},{"codebarre":"3270190009511","carrefour":"2,45"},{"codebarre":"3302741859105","carrefour":"3,95"},{"codebarre":"3521042206511","carrefour":"4,79"},{"codebarre":"3560071014186","carrefour":"1,49"},{"codebarre":"3560071019563","carrefour":null},{"codebarre":"8001230000787","carrefour":"1,79"},{"codebarre":"8076809535755","carrefour":"1,39"},{"codebarre":"3560071407650","carrefour":"3,15"},{"codebarre":"3017760329798","carrefour":"3,39"},{"codebarre":"3017760404396","carrefour":null},{"codebarre":"3033491325519","carrefour":"1,99"},{"codebarre":"3166352967037","carrefour":"4,05"},{"codebarre":"3168930005681","carrefour":null},{"codebarre":"3245412589980","carrefour":null},{"codebarre":"3245413458513","carrefour":"3,59"},{"codebarre":"3270190007425","carrefour":"1,19"},{"codebarre":"3338310000715","carrefour":null},{"codebarre":"3392780007001","carrefour":null},{"codebarre":"3421557501142","carrefour":"6,25"},{"codebarre":"3428273000034","carrefour":null},{"codebarre":"3478820023726","carrefour":"3,99"},{"codebarre":"3560070048786","carrefour":"1,29"},{"codebarre":"3560070820542","carrefour":"2,30"},{"codebarre":"3608580931546","carrefour":"2,99"},{"codebarre":"3760122966000","carrefour":"5,25"},{"codebarre":"4008258130018","carrefour":"5,80"},{"codebarre":"6191509903023","carrefour":null},{"codebarre":"3560071193423","carrefour":"1,79"},{"codebarre":"3700009269114","carrefour":"6,15"},{"codebarre":"3533636760002","carrefour":null},{"codebarre":"3302740044786","carrefour":"4,75"},{"codebarre":"3560071407568","carrefour":"3,55"},{"codebarre":"3045320104165","carrefour":"2,79"},{"codebarre":"3083680019408","carrefour":"2,85"},{"codebarre":"3161919369286","carrefour":"3,15"},{"codebarre":"3179140123805","carrefour":"2,15"},{"codebarre":"3245411157944","carrefour":"1,45"},{"codebarre":"3302741843104","carrefour":null}]