codebarre,carrefour,gout_qualite,product_name
3274080005003,,0.39,Eau de source
3017620422003,"3,21",2.95,Nutella
7622210449283,"1,49",2.1,Prince Chocolat biscuits au blé complet
5449000214911,,1.5,Coca-cola
3017620425035,"5,89",15.95,Nutella
3175680011480,"1,59",4.8,Biscuit Sésame
7613034626844,"2,59",5.2,Céréales Chocapic
3229820019307,"2,19",6.99,Flocons d'avoine céréale complète
5449000000996,,2.95,Coca-Cola en canette
5449000131805,,39.95,Coca-Cola zero azúcar
80135463,,4.4,
5410041001204,"0,73",4.82,TUC Original
3029330022428,"1,89",6.3,14 Maxi Tranches complet sans sucres ajoutés
3229820129488,"2,49",2.7,"Muesli Raisin, Figue, Abricot"
5010477348678,"3,65",3.4,Special Muesli 30% fruits & noix
3229820100234,"2,35",1.95,Fourrés Chocolat noir BIO
3017620429484,"5,19",7.8,Nutella
3046920022651,"1,59",5.75,70% Cacao noir intense
7622210713780,"2,59",2.4,Belvita Petit Déjeuner Chocolat
3175681851849,"1,79",2.9,Pomme Noisette
8001505005707,,4.4,Nocciolata
80177173,,8.95,
8002270014901,,1.5,S. Pellegrino Water
5449000054227,,6.9,Coca-Cola
3046920022606,"1,79",5.5,Excellence 85% Cacao Chocolat Noir Puissant
3046920029759,"1,89",37.5,90% cocoa
3045140105502,,2.9,
3155251205296,"1,95",4.5,Tartine Doux
5411188112709,"2,39",,Almond No Sugars
5411188103387,"2,25",,Vanille au soja
3256540000698,"1,59",3.1,Pains au lait x10
5411188119098,"2,15",3.5,Nature Noix de coco
3155250358788,"2,75",4.2,
3168930009078,,4.2,Flocons d'avoine complète
7613035040823,"1,95",12.5,Nestlé Dessert
7622201809638,"1,70",2.2,Napolitain - L'original
3225350000501,"2,45",9.5,Pulco
8712100871986,,21.95,L'Originale Moutarde Fine De Dijon
8715700017006,"2,19",36.99,Tomato Ketchup
3159470000120,"2,59",4.8,Corn Flakes
8715700407760,"2,49",7.95,Tomato Ketchup BIO
3760049790214,"2,19",9.9,Pain De Mie Bio
3175680015228,"2,69",2.9,Levure de bière
7613035989535,,,
7622210601988,"1,49",3.5,Granola
7311070032611,"3,59",4.82,Krisprolls
5010029220773,,5.5,Weetabix
4006985902304,,10.3,L'Original - Cacao en poudre non sucré
3392460480827,"1,95",38.9,Biscottes 6 céréales
3033491270864,"2,45",2.6,Danone skyr 140 g x 2 nature
3251490332080,"1,69",17.3,SON ET FIGUE
3017760000062,"2,15",6.25,Véritable Petit Beurre Pocket
5010477348357,"3,08",8.75,Country Crisp 4 noix
3175680011534,"1,59",9.3,Biscuit lait chocolat
8076809523547,"2,25",2.99,
3068320120256,,2.8,Eau minérale naturelle
5000112611861,"1,93",5.5,Original taste
3229820021027,"1,79",5.1,p’tit nature complet NUTRI+
3033710073467,"2,75",11.5,RICORE Original
3061990143365,"1,45",2.4,Biscuits goût chocolat
3017620421006,,2.95,Pâte à tartiner Nutella noisettes et cacao - 750g
3228857001194,"1,35",9.5,Harrys beau & bon pain de mie farine de ble cereales & graines 320g
3228857001316,"2,34",6.6,Brioche Tranchée Recette Classique
3168930010906,"2,69",9.5,Cruesli Chocolat noir
3228857000838,"1,39",7.55,American Sandwich Nature
3161711001971,"3,55",2.9,Caprice des dieux
3046920028721,"2,19",4.7,Excellence 99% Cacao Noir Absolu
5410126006957,"2,79",32.9,Biscoff à tartiner
3228857000883,"1,39",7.55,Pain EM nature sans sucres ajoutés
7622300441937,"2,09",6.2,Philadelphia Original
8000500329474,"3,25",4.9,CereAlé
5449000267412,"1,65",14.9,Coca Cola gout original
3228850000262,"1,75",5.95,Pain AMS 7 céréales
3019081239640,"1,99",3.99,Thon entier au naturel Albacore
5411188125808,"2,65",,Soya ohne Zuckerzusatz Mango
3242274000059,,5.6,"Salade & Compagnie - Manhattan - pâtes, crudités, œuf, poulet rôti, carottes et fromage."
3182180001996,"2,19",1.32,Biscottes Sans sucres ajoutés Blé complet
3033491279713,"1,75",7.95,Danette chocolat 125 g x 4
3251490320001,"1,39",9.2,Biscuit complet au germe de blé
4008400260921,"2,80",7.9,Kinder Country
7613035866386,,,CONTREX eau minérale naturelle
8076809513722,"1,69",5.8,Sauce tomate au basilic 400g
3664346312936,"3,45",2.75,Pâte à tartiner
3068320114453,,1.0,Eau minérale naturelle finement pétillante
3228886030011,,3.99,saveur pêche ici tea
8410376026962,,9.6,Digestive Oats choc
7613036669146,"3,19",5.2,NESTLE CHOCAPIC BIO Céréales
3523230028431,"2,25",4.65,La bûche Sainte-Maure (Poitou-Charentes
4008400828121,"2,80",4.2,Kinder Maxi
5010477348630,,,"Muesli bio 36% fruits, noix & graines"
7622210476104,"2,25",3.4,Véritable Petit Beurre
3017760686792,"1,35",22.5,Mikado chocolat au lait
3088540004440,"2,69",3.5,Tartimiel® Lune de Miel® doseur 250 g
3033490506629,,4.5,
3664346305990,"2,39",6.2,Grand Arôme 32% de Cacao
5000159459228,,10.6,Twix Twin
5411188118961,"2,15",,Nature aux Amandes - Végétal soja & amande
3088545004001,"4,55",9.5,Miel de Fleurs Liquide Doseur 500g
7622210998095,"0,95",6.2,Monaco
3017760542890,"2,29",,Pain grillé au blé complet
3168930009795,"3,95",4.2,Muesli Croustillant Noix de pécan & noix du Brésil
80052760,,6.99,
7613287514325,"3,45",5.5,Fitness Nature Céréales complètes
3046920029780,"1,79",2.4,Doux 70% noir subtil
5053827192699,,,Coco pops
3228021170039,"1,89",1.95,PRESIDENT CAMEMBERT 250g
7622210770714,"2,89",1.95,Moelleux au chocolat noisette
5411188115472,"1,95",,Soja riche en protéines
7622210444141,"2,45",6.2,Biscuit aux céréales et pépites de chocolat
8000430138719,"1,25",13.9,Mozzarella
5060088707685,"3,25",1.2,Blueberry Muffin Bars
3229820791081,"1,99",2.5,Gaufres Miel 🍯🐝
5411188116592,"2,20",,Кокосова напитка с ориз с добавени калций и витамини
3229820794532,"2,49",1.44,Biscuits à l'avoine complet
3254691586054,"2,05",2.7,le bio pour toute la famille multifruit
3021769505602,,3.4,Pom'Potes (Pomme)
8715700423913,"2,45",6.7,Tomato ketchup 50% moins de sucres & de sel
3175681028111,"2,39",2.9,Les Galettes Boulgour & Quinoa - Tomate & Paprika
3041090061615,"1,95",3.4,"Bâtonnets de céréales fourrés (47,5 %) au chocolat - Cracotte Chocolat"
3159470001424,"3,15",2.35,Céréales All Bran Kellogg's Fibre Plus
3229820181950,"2,89",8.2,Fourrés chocolat au lait
3504182920011,,6.97,Tomates Gourmet
3249760000654,"1,65",2.99,Orangina
3329770057234,"2,49",8.95,Câlin
8712100325953,,36.99,Moutarde de Dijon Fine & Forte
3155251205302,"3,55",6.7,Primevère
7311070032604,"3,69",3.8,Krisprolls Complets
3229820181424,"3,15",9.5,Boisson Noisette
9002490205973,"1,05",5.5,Red Bull - Energy Drink
3046920028363,,3.85,85% Cocoa Robust Dark Chocolate Bar
3664346306003,"3,88",4.45,Grand Arôme 32% de Cacao
8000500167113,,12.9,
3175681037854,"1,99",4.2,
5010477348517,"3,69",,Country Crisp 4 Baies
7613034579102,,4.5,PERRIER eau minérale naturelle gazeuse
8719200012608,"2,85",4.82,ProActiv Margarine Tartine
3608580758686,"1,55",7.5,Confiture Fraises
5060042641000,"2,69",11.2,Lightly sea salted crisps
3336971805038,"2,29",2.2,Chips de lentilles saveur tomate mozza
5010477356277,,7.8,Granola amandes noisettes et graines
3056440083193,"0,99",3.3,Chipster
3302740047367,"2,85",4.9,Le Supérieur - à l'Etouffée - Conservation sans Nitrite
3700214611548,"2,35",4.3,Álter ECO Noir 85% Pérou
80761761,,39.95,Bueno White
87157154,,10.2,Classic Barbecue - Smokey & Rich
3034470003107,"2,35",4.3,Original
7622210995087,"2,59",3.4,Noir - Noisettes Entières
3292070005161,"2,79",6.2,Houmous extra - Pois chiches français & graines de sésame
3560070308316,"2,39",7.5,Biscottes complètes bio
3033491214509,"3,39",5.2,Actimel 0% de mg 100 g x 8 original
3017760472890,"2,49",1.95,BelVita Original Petit Déjeuner pépites de chocolat
3061990141101,"1,99",13.8,"BN - Mini Chocolate Cookies, 175g (6.2oz)"
3124480186560,,3.4,Oasis tropical
3023470010017,,26.9,Sablé de Retz Le Véritable
5411188115366,"2,20",,Oat
7613032655495,,5.99,ricore
3336971805021,"2,29",2.9,Natur' & Bon - Chips de lentilles saveur fines herbes
3392460510050,"1,89",4.8,LU - Grany pommes
8000500267035,,8.5,Delice
3251490432650,"2,29",3.85,Croq' soja à la provencale
3760049790252,"1,59",6.99,Pain de mie à la farine complète Toastiligne
3175681116832,"2,35",7.95,Biscuit Coco
5000159407236,,2.6,Mars
8000300264388,,5.5,CRUNCH
3038354199603,"1,99",3.35,Pesto Basilic extra frais
3229820794556,"3,65",2.3,Muesli Protéines
3336971209133,"0,99",2.9,
3560070472888,,3.65,Pâte à tartiner
8000500003787,,22.5,
3048282322646,"1,35",5.2,Lulu L'Ourson Chocolat
3229820794549,"3,59",5.1,"Muesli fibres - Son de blé, Figues, Pruneaux"
3560070614202,"0,89",4.5,Oat flakes
8076802085981,"1,09",7.1,Nudeln Pasta Fusilli No 98
8000500310397,"1,95",8.7,"Ferrero - Nutella Biscuits Tube, 166g (5.9oz)"
3021690201123,"1,49",4.5,Lentilles Cuisinées à l'Auvergnate
3046920010047,"2,09",8.25,"Chocolat noir extra-fin, traditionnel."
3760049790818,"1,59",4.95,4 Baguettes viennoises 340g
3760020500658,"7,85",20.5,Pâte à tartiner Chocolat Noisette
3033490128005,,2.95,Jockey cottage cheese nature 200 g x 2
3229820004334,"3,29",1.44,Le cookie Chocolat noisettes
5060335632302,"1,19",6.2,Monster Energy
5410041040807,"1,29",3.95,Pim's framboise
8715700421353,"2,05",33.95,Tomato ketchup
5053827101424,"2,59",3.3,Smacks
7622210869616,"2,35",6.2,Chocolat Bio noir 85%
3045320517101,,3.99,Compote de pomme allégée
5411188124269,"2,19",,Nature avec Avoine
7613034897930,,,"MOUSLINE Purée Nature, 4 sachets pour 4 personnes (4x130g)"
3046920022705,"1,65",4.4,Excellence Noir Orange Intense Aux amandes effilées
3560070910366,"9,55",2.75,Huile d'olive vierge extra
3760091722508,"2,69",11.2,Chocolat noir 85% Madagascar
5410041005707,"1,35",4.4,Pim's Sinaasappel
5449000011527,,5.6,Fanta orange
3045320008401,"1,69",7.99,Confiture fraise -30% de sucres
3183280001800,"0,48",5.1,La Salière - Sel de mer fin iodé
3229820762692,"3,15",1.44,Tofu nature
3278690085646,"2,25",1.7,Emprésuré chocolat intense
8712100751370,"1,55",4.0,Amora ket nat td 550g
3034450001123,"1,75",4.5,
3468570116601,,7.5,Rozana
3228857000876,"0,96",4.99,Pain Extra Moelleux Nature Sans Sucres Ajoutés
8719200031449,"3,35",12.95,
3024720026895,"2,49",3.1,Rillettes de poulet rôti
3178530410136,"4,15",2.8,Madeleines aux œufs de poules élevées en plein air
3330720237255,"3,89",14.95,
7622210995063,"2,35",3.4,chocolat au lait noisettes entières
3175681077324,"1,99",7.95,Biscuit chocolat saveur amande
3270190021087,"1,85",3.5,Fromage Blanc Nature 3%
3083681094923,"2,25",2.1,Haricots Verts 100G environ 25 cal
3029330022411,"1,75",4.5,Maxi Tranches Sans sucre ajouté Nature 550 GR
7622210422163,"2,09",4.7,La paille d’or aux framboises
3248830000150,"1,95",10.2,Pâte à tarte feuilletée - Pur beurre
3266980028428,"2,35",2.7,L'escalope Cordon Bleu  Dinde
3270190136880,"1,49",2.4,Moutarde de Dijon
9002490100070,,6.99,Red Bull
3174660084513,"2,59",3.6,cassonade
3341504005540,"2,49",46.5,Saint Agur
3073781099621,"2,55",2.8,Boursin Ail & Fines Herbes
5060042640515,,15.5,Veg crisps
8585002484093,"2,25",,MAGGI Bouillon BIO Légumes 80g
8719200031524,"2,15",5.5,
3045140118502,,8.95,Milka - Noisette Entières
3229820181899,"2,25",5.45,Quinoa Tomates Olives
3560070879762,"2,19",11.3,Le pain au Seigle
5053827184717,,,Rice krispies
3023260030980,"2,85",2.4,Roquefort Societe
3038350013002,"1,15",2.9,Panzani coquillette 500g
3220035210008,"2,69",3.4,Sucre Cassonade
3229820784939,"1,89",1.44,Lait de coco fluide
3270190025337,,3.5,Lait demi-écrémé Stérilisé UHT
3421557910203,"2,29",6.99,Flocons d'avoine complets
3700214614266,"2,55",6.2,Chocolat noir Pérou 90%
5010029000061,,7.3,Weetabix Original
3045140105106,"2,05",2.8,Chocolat au lait du Pays Alpin
3329770047891,,10.9,Mini Yop Fraise
3228857001347,"3,19",7.2,Harrys brioche tranchee pepites de chocolat sans additif 485g
3033710071005,"5,49",2.9,"RICORE au Lait, Café & Chicorée, Boîte 400g"
3080216049632,,3.4,Grimbergen Blonde
3245412567216,,3.1,
3523680438224,"1,99",1.1,Bananes
5449000214805,,6.4,Fanta orange
7613035336131,,3.2,Le Bon Paris a l'Etouffée
8002470023727,"10,19",4.95,Huile d'olive vierge extra Bio Classico
3242272250050,"2,85",2.4,PastaBox - Tortellini Ricotta Epinards Sauce au parmesan
3248832940522,"3,69",2.6,Couscous Oriental légumes cuisinés et poulet émincé
3560070689897,,2.35,galettes de maïs
3608580823452,"2,25",8.75,Confiture Abricot INTENSE
3664320011510,,2.5,Eau minérale gazeuse
8000500150245,,3.1,Nutella
3165433714010,"1,99",15.5,Sucre en poudre
3600900011037,"3,35",129.9,Quinoa gourmand
7613034926814,,9.9,
3165432640006,"1,36",9.5,Sucre de glace
3178530405774,"2,29",4.2,Crêpes bretonnes St Michel
3229820794648,"1,59",2.5,Galette de mais
3608580765653,"2,49",5.2,Mousse au chocolat noir intense
3760091725301,"2,59",13.5,Chocolat noir 98 % Équateur
8412600009345,,7.5,Natural 100%
3073781115673,,8.75,Leerdammer L'Original 8 tranches
3083681117011,"3,85",7.3,Poêlée La Méditerranéenne
8711327385603,"3,05",7.95,CARTE D'OR Glace Crème Glacée Vanille de Madagascar 900ml
3175681072916,"2,25",2.8,"Gerble - Honey Chestnut Flaxseed Cookie, 200g (7.1oz)"
3498425591253,"2,55",7.2,Brossard - mini brownie choco pepites
5038862165501,"2,99",,Innocent jus pomme & framboise 900ml
5053990155941,"2,35",,Pringles Hot & Spicy
3229820800325,,9.5,Biscuits fourrés chocolat noir
8001665714372,"3,95",,Tortellini ricotta & épinards
3033710077274,"5,45",2.7,NES café soluble
3250541920139,"2,75",1.1,Maille mayo fg 320g
3252378001319,"0,59",10.5,Sel fin iodé
3273220085301,"1,85",1.32,Dessert végétal Noisette-Amande
3329770051096,"1,99",5.95,Petit Yoplait
3760020508388,"2,79",5.4,Chestnut crispbreads
7622210717801,"1,45",5.6,Pépito  Chocolat au lait
3083680901024,"1,99",5.1,Ratatouille cuisinée à la provençale
3175681028098,"2,55",4.8,Galettes boulghour & épeautre
7622210713902,"4,15",2.75,Belvita original  - Biscuits petit déjeuner miel & pépites de chocolat
7622300292508,"2,49",3.4,Milka - Choco Supreme
8001665714389,"3,95",5.5,"Tortellini Pesto, Basilic & pignons"
3017760803991,"2,99",49.95,Belvita petit déjeuner goût noisette et chocolat
3033710074518,"4,49",5.6,SPECIAL FILTRE L'Original
3252378000954,"0,95",7.55,Sel fin iodé
3270190113508,,2.4,eau de source
7613032921767,,5.1,Tomate frito 100% sabor natural
3242274003050,,2.6,Salade & Compagnie - Roma
3270190020936,"1,85",6.3,Fromage Blanc Nature 0%
3302740483103,"4,15",6.99,Filet de Saumon Purée de Brocolis
7613035898646,"2,49",,Chocolat Noir Corsé
3068320080000,,9.5,Evian
3174660000896,"1,85",5.6,Sucre Poudre
3760020505936,"2,49",3.5,Bouillon cube Légumes sans sel sans gluten
3329770076471,"2,55",2.4,Calin
3045320001570,"2,99",23.0,Confiture Framboises
8719200204195,,36.99,Planta fin tartine & cuisson
3154230600183,"1,29",5.6,Pate feuilletée Tarte en or
3017760595193,"1,55",5.6,Granola Chocolat Noir
3083681081596,"2,25",3.4,Riz à la Provençale au Thon & Basilic
3124480186676,,11.5,Oasis tropical
3175681136397,"3,29",4.8,Framboise Sans sucres ajoutés
3497917000907,"1,45",7.2,
3664346306621,"1,55",5.2,Fine & Gourmande Noir 70%
3083681093926,"3,25",5.1,Aubergines cuisinées à la provençale
3661344688339,"1,99",2.99,Les 2 Vaches Vanille Bio de Madagascar 4 x 115 g
3046920028004,,8.25,70% Cocoa Intense Dark Chocolate Bar
3154230040286,"2,65",5.3,Bacon Fumé
3273220012123,"2,95",6.97,Petit Billy Moulé à la main
3599741003380,"4,15",3.25,Colin d'Alaska MSC façon Fish & Chips
8410014478764,,3.1,Cola Cao original
3033491024832,"2,49",13.5,Jockey 3% de mg nature 100 g x 8
3036811363147,"1,85",13.8,PurSoup' Velouté de 10 légumes
3166352967211,"3,45",4.9,Petites gambas compotée de tomates Tagliatelles au pesto
3245412694516,"1,99",2.3,Muffins complets
3270190207696,"1,89",2.8,Emmental Râpé Fondant
3523230029681,"3,29",5.9,Sainte-Maure
3660603004774,"1,45",2.99,Sauce Béarnaise
5449000004840,"1,95",3.3,Orange
5449000008046,,2.3,Coca-Cola
3033490004590,,5.9,Danone veloute nature 125 g x 8
3038359007224,"4,09",3.05,Riz basmati du Penjab
3178530408515,"2,49",4.2,Petits Muffins Chocolat
3256540001787,,5.9,brioche tressée
7613031514274,,4.5,NESTLE DESSERT Cacao en Poudre boîte 250g
7613035859098,"2,99",,NESTLE DESSERT Chocolat Noir Absolu
3560071190965,"1,99",2.85,Flocons d'avoine
3154230600121,"1,35",6.2,Tarte en Or Brisée
3083680025881,"1,15",9.6,Maïs sans sucres ajoutés
3178530402988,"1,45",4.2,Tartelettes citron
3178530404678,"5,59",7.6,"Bonne Maman - Lady Fingers Cookies, 250g (8.9oz)"
3431410001023,"2,10",2.99,Crêpes dentelle - L'authentique
3523230030793,"2,85",3.9,Beurre demi-sel aux cristaux de sel de Mer de Noirmoutier
3560070778065,"1,85",15.95,Fromage blanc nature
3600900006972,"2,15",19.99,tendres perles
5038862166508,"2,99",,Innocent jus ananas & fruit de la passion 900ml
8410076481597,"2,39",,Tortilla Nachips Original
8410376000825,,11.9,Galleta maría ligera sin sal y sin azúcar
3175681263130,"2,75",5.7,Biscuits caramel épeautre
3497917002451,"4,69",0.6,les de Sarrasin au Sel de Guerande
3033491350795,"1,59",3.9,Activia bifidus saveur citron sans arome artificiel 125 g x 4
3033710003228,"4,39",2.9,RICORÉ® aux céréales et à la chicorée solubles Boîte 250g
3178530403022,"1,45",2.9,Tartelettes chocolat caramel
4002359654404,,,
5410126004021,"2,09",1.1,Dinosaurus chocolat
3124480195319,"1,89",16.99,Thé noir saveur pêche blanche
3270190127765,"1,19",2.4,carrefour bio noir - puur
3297760097143,"1,69",6.99,Pommes Mangues avec morceaux
3523230014267,"2,55",2.75,Yaourt chèvre nature
8000500309469,,4.9,Chocolat Kinder Chocofresh fourré lait noisette x5
3560071406073,"1,99",11.95,SKYR Nature
3017760000406,"1,25",4.8,Sablés beurré nantais
3045320083453,,10.2,Pomme vanille
3123930710737,"2,45",6.6,L'emmental français extra fin
3166359678103,"3,95",5.9,Paupiette de veau jardinière de légumes
3248832960025,"3,29",2.34,Penne au saumon et crème d'épinards
3354599571005,"2,79",2.34,Beurre plaquette AOP doux
3560071014094,"1,65",2.85,"Almond Milk, Unsweetened"
3608580823476,"3,35",5.1,Framboise Intense
7613035989443,,,Le Bon Paris Au Torchon conservation Sans Nitrite
8722700027775,"1,85",5.95,"Soupe Thai  (Nouilles, champignons et pousses de soja)  د تای سوپ"
3228857001132,"2,25",2.6,Doo Wap pépites choco
3045320027280,,2.9,Compote Pomme Nature
3178530411492,"3,15",2.95,
3179730115821,,7.99,CONTREX eau minerale naturelle 1L
3661344221772,"1,99",5.95,Yaourt saveur myrtille sauvage
3760091726667,"2,65",9.95,Chocolat noir 80% Équateur intense et floral
7622400006753,"1,65",3.3,Noir 70% intense
8024884600301,,1.1,Eau Mont Blanc
3073781116090,,2.8,
3061990143372,"1,45",2.75,"BN - Strawberry Cookies, 285g (10oz)"
3168930009801,"3,89",4.2,Quaker Muesli Croustillant Myrtilles & baies de goji
3175681854475,"3,25",4.4,"Gerblé - No Sugar Added Apricot Jam, 320g (11.3oz)"
3245411253844,,2.6,Galette de riz complet
3412290015980,"3,19",4.45,Paysan Breton - Beurre moulé doux
3560071010522,"1,89",2.7,Houmous
5411188122661,"3,09",,Lait d'amande non sucré
8076809543934,"1,85",3.8,Barilla sauce tomates provencale 400g
8852018101017,"0,55",2.99,YumYum - Beef Flavor
3057640265358,,10.5,Eau minérale
3024720022422,"2,45",6.95,Rillettes du Mans - La véritable
3123349011227,"2,09",3.9,LE PUR JUS Orange sans pulpe
3176582033334,"1,99",4.7,
3270190008262,"8,75",6.3,Huile d’olive vierge extra
3412290071801,"2,09",5.6,Paysan Breton - Le Fromage Fouetté Madame Loïk - Ail et fines herbes de nos régions françaises
7622210713803,"3,85",5.6,Petit Déjeuner Chocolat
3109850018511,"4,15",4.2,Ultra-Concentré Réglisse Anis
3166352968591,"3,59",4.2,Lasagnes à la bolognaise
3178530404241,,4.2,Cocottes chocolat et graines bio
3245414620131,"1,29",2.9,Pomme
3560071010058,"2,95",2.2,Le pain aux Céréales
3608580006657,"1,39",8.2,dessert fruitier pomme🍏🍎poire🍐
5900020006226,"2,55",4.2,NESTLE CHOKELLA Céréales 350g​
7610216210464,"1,69",6.2,Flutes aux 3 graines
8002270015328,,19.99,Eau minérale naturelle gazeuse 50cl PET
3023260005872,"3,39",1.1,
3033710075225,"5,55",26.9,Cafe
3448781100002,,7.7,Wattwiller
3560071157722,"3,15",2.7,
5449000051981,,2.99,Coca Cola
8712566145003,"2,59",36.99,Amora mayo fouettee 398g
6111252421568,,,Aquifina
5411188135005,,,Not Milk 1.8%
3017760038706,"1,05",1.1,Lulu La Barquette Framboise
3166353931402,"3,59",9.5,Cabillaud sauce Citron riz aux petits légumes
3248832967284,"3,45",,Macaroni sauce tomate et boulettes au bœuf
3560070149278,"2,79",11.0,Feta - Fromage
6111242101142,,4.5,
8076800195033,"1,19",4.9,BARILLA SPAGHETTINI N°3 500g
8715035130104,,7.95,Naturally Brewed Less Salt Soy Sauce
90357473,,26.9,Coca-Cola sans sucres
3302740057502,"2,45",3.95,Filet de poulet rôti
3017760290692,,4.8,Napolitain l'Original
3021769505619,,12.6,Pom'potes sans sucres ajoutés
3088866541056,"3,05",,Brossard le cake à l'anglaise
3163937010003,"18,79",15.5,Pastis de Marseille
3175681060524,"1,89",5.6,"Sablés Miel, Saveur Citron & Sarrasin"
3421557501630,"5,65",3.6,Muesli aux fruits 1kg
3560070157198,"1,65",2.5,Parmigiano reggiano
3560070740338,"3,15",3.99,Sirop d'agave
5053827188531,,,
5400101041424,"2,99",19.95,granola crunchy
5060517889852,"1,45",8.75,Juiced Monster Mango Loco
3182180002542,"2,65",3.99,Grilletine Sans sucres ajoutés Blé complet
3045320072518,"3,15",2.9,Confiture framboise
3124480185266,"2,99",7.99,Pulco Orange Citron à diluer
3229820019611,"1,99",7.61,Soja Douceur
8076800195019,"1,09",2.9,Capellini (Spagetti) Nr. 1
8076808060654,,8.2,Farfalle
8076809512268,"1,09",4.85,Nudeln Girandole
8722700114703,"2,25",39.95,Amora Sauce Barbecue Flacon Souple 490g
3033491432736,"1,85",2.6,Danette creme dessert noir extra 125 g x 4
3560071194345,"1,79",2.9,Cacao 100%
3228857001507,"1,69",11.5,Harrys Extra Moelleux Complet Sans Sucres Ajoutés
3302740058660,"2,15",4.6,Blanc de poulet 100% filet
3036811366230,,3.4,PurSoup' Velouté de 10 Légumes
3083680652094,"1,29",9.6,Lentilles préparées
3242272922056,"2,45",8.6,Sandwich le méga baguette thon oeuf sauce cocktail
3259011046300,"2,49",8.95,CROQ'SOJA Curry et Pavot
3276551080656,"0,99",7.55,Baguette Rustique
3497911105127,"1,45",6.7,Chips saveur Sel & Vinaigre
3560070710713,"1,79",2.85,Pan tostado integral
5013803000035,,4.8,"Super Granola Graines de Tournseol, Miel & Amandes"
9002515600653,"2,45",4.5,Pago - Fraise🍓
3560071096984,,2.6,
3168930164661,"1,19",3.95,Chips saveur barbecue
3166290200197,"1,55",8.1,
3178050000725,"6,79",9.5,Huile d'Olive Vierge Extra
3498425800058,"2,65",7.2,Pain d'Epices au Miel 🍯
3560070060252,"0,99",3.5,Mozzarella
3560070386352,"2,19",8.75,
3608580823513,"2,29",3.2,Confiture fruits rouges intenses
3660140846455,"2,59",4.2,Brossard - brownie familial pepites de chocolat 285gr
5038862239677,"3,99",,Super smoothie energy 750ml
5411188115458,,,Soy chocolate flavor
3154230802280,"2,29",3.85,Lardons fumés sans nitrite
3014680009175,"1,79",4.9,Bonbons à la sève de pin
3068320118437,"1,29",2.5,Eau gazeuse au citron
3123349014129,"2,99",2.4,LE PUR JUS Orange sans pulpe
3165440002919,"2,45",9.5,Couscous moyen
3229820787985,"1,99",2.5,Crème de coco légère
3248832940539,"4,79",4.99,Poulet au Curry et Noix de Coco
3502490171606,,6.99,Pruneaux d'Agen dénoyautés
4008400163826,"4,75",7.3,Ferrero Rocher
7613035989566,,1.85,Le bon Paris à l'Étouffée Sans Nitrite
3222110030884,"3,09",2.7,Saint Albray gourmand & crémeux
3019081236267,,4.8,Rillettes de saumon
3038350013606,"1,15",2.75,Panzani torti 500g
3051106605016,,3.99,Pâte arachide
3166352940092,"4,15",9.5,Petites St Jacques et torti
3245412846991,"3,79",,Oeufs de poule élevées en plein air
3270190021179,"2,39",2.6,Oeufs de poules
3270190128717,"1,19",2.5,Boisson au soja nature
3372900020059,"3,39",5.6,Mousse au chocolat à l'ancienne
3392460488809,"1,65",38.9,Brioche peletier
3392590203501,,7.55,Pâte feuilletée
3421557910494,"3,99",27.5,
3560070845408,"0,95",5.5,Yaourt nature au lait entier nature
5410041000900,,7.1,Tuc original - Biscuits salé
5410126716016,,5.6,Biscoff
7613035336100,,13.95,
7613036077569,,6.7,Les Bouchées Soja et Blé
7613036400640,"1,89",2.1,
3302740030925,"3,89",1.1,Le Parmentier de Boeuf Charolais purée à la crème fraîche
3228857001330,"3,15",7.55,Harrys brioche tranchee farine complete sans additif 485g
3056440032696,"1,35",3.1,Petits coeurs chocolat
3068110702235,"1,29",4.7,Farine de blé T45
3095758049019,"2,95",11.9,Le Torchon - Cuit à l'Etouffée  - 25% de sel*
3175681060586,"1,79",7.95,Sablés chocolat noir intense
3422440006423,,2.99,Purée de courgettes
3560070391073,"1,99",4.45,4 Galettes de blé noir
3599740001608,,17.3,Colin d'Alaska MSC à la Bordelaise
3700278403936,,5.2,Banania Pâte à tartiner
5055953902531,"2,35",3.6,Thé earl grey
3123349014433,"2,79",2.1,Nectar multifruits à base de jus concentrés - Bio
3329770063525,,4.95,Panier de Yoplait - Fruits rouges
3021769505626,,4.8,Pom'Potes (Pomme/Poire)
3068320110097,,2.9,Badoit rouge
3103220033838,"4,79",5.5,Happy Box
3242272347552,"4,59",5.1,Dolce Pizza - Regina
3245412511561,"1,39",10.2,Yaourt à la GRECQUE NATURE
3245413451804,"2,15",3.9,Boisson avoine
3302740606106,"3,55",26.5,Risotto au poulet & cèpes à la crème fraîche
3560070449675,"1,69",11.75,Spécial mie Complet
3560071018412,,2.2,Tartine au froment
5038862161503,"2,99",,"Innocent jus pomme, pêche & poire 900ml"
3023290030585,"2,49",2.95,Skyr myrtille 2 x 140 g
3021762383306,,2.99,CONFIPOTE Confiture allégée en sucres Pot Fraise 350g
3033710019526,"3,25",7.99,"KITKAT Ball, Billes au chocolat au Lait, 250g"
3057640385148,"1,79",1.7,Volvic zest citron
3088545004018,,1.1,Miel
3124480185112,,9.99,
3165958350014,"2,35",9.5,Filets de Maquereaux au Vin Blanc
3179142054589,"1,25",6.7,Levure de boulanger traditionnelle
3223920620128,"2,49",9.5,Couscous Grain Moyen
3245413808196,"1,65",3.1,Pesto verde
3265479432005,"10,85",3.55,Huile d'olive vierge extra - Bio
3270190128519,"1,99",2.75,Biscuits chocolat noir
3307130803004,"3,45",2.9,Ratatouille à la provençale
3422440006416,,2.3,Purée de carottes
3560070823291,"1,95",18.5,Biscottes Blé complet
3560071006822,"0,95",12.5,Maïs
3661344795372,"2,25",7.75,LES 2 VACHES FLAN BIO 100 G X 4
7610036002737,,69.95,Chocolat Noir Pur 72 %
8715035110304,"5,29",7.95,Sojasauce
3661344723290,"4,15",5.05,Skyr bio nature
3083680002929,"0,99",5.9,Macédoine de légumes en conserve
3092718605971,,0.6,Fruit shoot
3175680013231,"2,95",7.61,"Gerblé - Choco Hazelnut Filled Cake, 200g (7.1oz)"
3497911101129,"1,45",6.7,Chips saveur Poulet Braisé
3560070401826,"1,65",6.6,Biscottes braisées farine complete
3560070737048,"1,75",3.99,Petits pains grilles
3560070792368,"3,49",2.5,Croustillant nature
3560070825493,"1,30",2.7,Fusilli Blé complet
3760056260076,"1,49",15.3,Parmigiano Reggiano
3760091724632,"2,69",6.95,Pérou grand cru Amazonas 70 % doux et boisé
5449000147417,,6.0,
7613036278508,,,GARDEN GOURMET Emincés Nature Soja 160g
3322680010801,"2,19",1.95,8 Crêpes 🥞Chocolat 🍫
3073781069259,"3,45",3.4,Boursin Ail & Fines Herbes
3095751510011,,3.99,Rôti de Poulet - 100% filet*
3175681851832,"2,99",4.99,Barre amande
3178530407327,,6.6,
3229820181738,"1,85",2.4,Biscuits Farine de Blé et Graines de Sésame
3270190212980,"0,74",17.3,Carottes râpées Au jus de citron*
3422440006430,,2.4,Purée de Pois Cassés
3478820008235,"3,29",1.44,Purée Pomme Poire Williams
3760020505929,"2,55",10.75,Bouillon cube légumes dégraissé
4000539671104,,,Lapin d’or chocolat au lait
5400101201712,"1,45",12.95,Biscottes sans sel ajouté
3229820799650,"2,95",1.95,Les P'tits curieux barquettes aux fraises
8000500376409,"3,25",4.5,Kinder cereal
3019081236250,,4.8,Rillettes de Thon
3033491325250,"1,95",13.5,Activia fraise
3155251205449,"1,99",6.7,Crème anglaise
3228881010971,"1,59",1.95,Lipton Thé 5 Fruits Rouges 20 Sachets
3245413922403,"1,15",13.99,Biscuits vitalité au sésame
3270190136873,"1,49",2.4,Vinaigre de cidre bio
3275240312016,"2,15",2.8,Camembert
3329770060142,"2,79",8.25,Fromage blanc au lait demi-écrémé
3560070837984,"2,79",1.1,Basmati
3700214610046,"2,49",6.2,
5410126004113,"2,09",4.8,Dinosaurus
8722700139201,"1,89",11.2,Moutarde Douce Fine & Douce
3023290035801,"2,35",2.5,Le Petit Pot de Crème au Chocolat
3560071235611,,13.5,Pâte à tartiner
3560071267582,"3,19",2.85,Corn-flakes sans sucre ajouté
3068111301246,"2,25",9.5,Farine de blé complète - T150
3165957822017,"1,79",9.5,Filet de sardine
3178530405781,"2,99",4.2,Cookies Chocolat Noisettes
3245412590214,,3.3,Gaufres au miel
3252971595857,"3,55",2.5,Les Crozets au Sarrasin
3256540000704,"3,14",2.35,Pains au lait format familial
3502110004239,"2,25",5.6,Tropicana Pamplemousse rose 1 L
3523230023139,"4,29",4.65,La bûche de chèvre Maxi Format
3560070514847,"1,35",6.9,Ricotta
3599740007266,,2.3,Tranches panées de Cabillaud MSC
3760091726650,"2,69",13.5,HAïTI Grand cru Cap haïtien 72% cacaoté et fruité
4008400811727,,16.5,
5011013100156,"14,85",2.9,Baileys - The Original Irish Cream
5030765018748,"5,25",6.0,Délices au Caramel
7622400893124,,0.99,Milka Tendre au lait
8712100849084,,4.6,Magnum Glace Bâtonnet Double Caramel 4x88ml
5449000286291,,7.5,Sprite Goût Original
3700278405916,,5.2,Banania moins de sucres
3023290233702,"2,35",2.6,Crème Caramel🍮
3155251205548,"2,25",6.7,Crème fraîche gastronomique
3165958535015,"2,15",5.5,Filets de maquereaux Escabèche
3168930008996,,4.2,Chips
3175681085688,"2,99",4.5,Pain complet de seigle aux graines de tournesol
3248832967611,"4,69",8.6,St Jacques fondue de poireaux & Riz Basmati
3276170011185,"4,99",5.95,bâtonnets de surimi
3278692111169,"2,35",2.4,Yaourt au Lait Entier saveur Vanille
3422440006454,,2.99,La Purée Brocolis
3560070218196,,2.85,Pain azyme
3664346306638,"4,05",5.2,Rochers - chocolat au lait
5410228142218,,3.99,Leffe Blonde 🍺
8715035130302,,13.95,Salsa de soja con menos sal
3038350015006,"1,15",2.9,Panzani spaghetti 500g
3038359003363,,11.5,
3056440083995,"1,19",5.05,Minizza Tomate🍅& Herbes de Provence
3179142720200,"4,65",5.9,Arôme vanille Bourbon
3220035150007,"1,85",2.35,Etui Bec Verseur Sucre en Poudre Saint Louis Sucre 1kg
3227061000023,"11,99",2.7,Le Pur Bœuf - Steaks hachés surgelés
3228022000298,,2.7,Mantequilla ligera
3245414104686,"1,35",9.5,Biscuits germe de blé figue
3254381048343,,5.3,Cristaline Fraise 🍓
3270190005100,"1,79",1.32,Sirop de grenadine
3302740368103,"4,39",6.99,La Tajine de Boeuf et ses Légumes du Soleil
3302740484100,"3,79",2.34,Le Chili Con Carne et son riz blanc
3502110010643,"3,45",2.45,"Tropicana Essentiels Vitalité pomme, banane, kiwi, ananas, épinard vitamine C & magnésium 1 L"
3560070669981,"0,95",2.6,80% cacao noir
3560070877546,"2,25",7.6,Le Gourmand Céréales et Graines
3560071013196,"2,39",2.85,"Stylesse Pétales de riz, blé complet & orge complète"
3599740009277,,8.1,
4012200040263,,12.9,Gurkentopf
5053827157018,"2,99",,Barres Céréales Extra Kellogg's Choco Amandes - 4x32g
7622210722140,,2.4,
8076802085912,"1,15",5.9,
5202390020407,"3,09",1.1,Greek white
5000112638745,,16.5,Coca cola zero sugar
3046920042932,"2,39",6.9,Création Lindt Rocher Noir
3229820796550,"3,45",1.95,Amande protéines
3273220081013,,6.97,Sojasun nature
3302748427024,"3,45",5.7,Le Filet de Poulet et ses Pommes de Terre à la Sarladaise
3329757003926,,2.6,Confiture de fraise
3387390406849,"1,89",6.9,Chocapic 🍫 strong In Chocolaté 🍫
3560070510771,"1,79",7.5,Riz Complet
4002359660894,,,Nouilles en nid
4008258065013,"5,00",,Mandeln Feine Spezialitäten
5050083908729,,5.9,Céréales Special K Fruits rouges
7622210771049,"2,99",2.4,Biscuits Petit Déjeuner Moelleux Coeur Gourmand Fraise 🍓
8410100020549,,4.9,Nescafé classic natural
3770016162012,,3.25,2 Steaks végétaux et gourmands
3045320001587,"3,09",5.6,Confiture Extra de Myrtilles
3159470204634,"1,99",4.8,Kellogg's Barres Frosties 6x25g
3179140163818,"0,47",8.3,Levure chimique
3184670006627,"2,85",2.99,Panna Cotta
3265472382000,,6.2,Huile d'olive
3330720237330,"3,59",8.2,Pâte à tartiner Noisette cacao
3428271940028,,2.7,Lait Demi-écrémé avec Vitamine D
3451790941610,"2,85",8.95,Le Beurre Tendre Plaquette Doux
3560070370436,"1,99",3.2,8 pains au lait
3571492670004,,5.4,Parmentier de saumon
7613032573867,"4,23",,"NESCAFÉ Cappuccino Vanille, Café soluble, Boîte de 310g"
3302740030932,"3,89",3.9,"Parmentier de saumon, sauce ricotta épinards"
3560071232719,"1,95",9.2,Pain de mie complet Bio
8000500273296,"7,45",6.2,Ferrero Rocher
3023290050347,"1,59",2.9,Le viennois
3154230802259,"2,29",3.85,
30000117,,8.07,Le Pâté Hénaff
3033490907730,"5,25",18.9,Activia bifidus fruits 0% panache 125 g x 12
3083681027860,"3,39",5.1,Haricots Verts extra-fins sélection : ''cueillis et rangés main''
3095754136010,"3,95",3.6,Rôti de Porc - 25% de sel*
3095757413019,,3.99,Le supérieur cuit à l'étouffée - tranches fines - 25% de sel * - 6 tranches
3159470204429,,3.99,Spécial K Barres Croustillantes fruits rouges
3245390028594,"1,59",3.1,Sel de Guérande IGP
3270190009511,"2,45",10.6,Chicorée Café
3302741859105,"3,95",2.34,"La Paëlla Valenciana, poulet rôti, chorizo et fruits de mer"
3521042206511,"4,79",11.5,Surimi
3560071014186,"1,49",2.85,Tartines au seigle et graines de sésame
3560071019563,,10.3,Tartine craquante
8001230000787,"1,79",1.05,Parmigiano reggiano
8076809535755,"1,39",,Sauce tomate basilic
3560071407650,"3,15",11.95,Muesli de quinoa y chocolate
3017760329798,"3,39",7.5,Pockitos Chocolat au lait
3017760404396,,4.8,Prince Choco'🍫Barre - Barre céréalière au chocolat🍫
3033491325519,"1,99",16.99,Activia fruits 125 g x 4 mangue
3166352967037,"4,05",3.5,Poisson à l'andalouse riz safrané et courgettes grillées
3168930005681,,4.2,Lay's Nature format familial
3245412589980,,2.6,Biscuits Nature
3245413458513,"3,59",5.1,Crackers Epeautre 3 graines
3270190007425,"1,19",7.9,Petits pains grilles
3338310000715,,4.8,Parmentier de canard
3392780007001,,8.25,Truite Fumée Pyrénées (4 tranches) - 120 g
3421557501142,"6,25",3.2,"Muesli noisettes, raisins, seigle complet, blé sans sucres ajoutés"
3428273000034,,3.5,Matin léger
3478820023726,"3,99",1.32,Pâtes farcies aux légumes à la sauce tomate bio
3560070048786,"1,29",3.4,
3560070820542,"2,30",1.2,Jus d'orange Bio
3608580931546,"2,99",4.3,Compotée fraises & framboises
3760122966000,"5,25",2.99,L'incroyable Mousse au chocolat noir
4008258130018,"5,80",6.5,Walnusskerne
6191509903023,,,Huile d'olive vierge extra
3560071193423,"1,79",2.7,Sablés Normands
3700009269114,"6,15",2.99,Salade Coffret Poulet Avocat MIX
3533636760002,,38.9,Candia doux et léger sans lactose
3302740044786,"4,75",4.95,La Moussaka Boeuf & Aubergines avec une touche de menthe douce
3560071407568,"3,55",20.5,Muesli 35% frutas
3045320104165,"2,79",4.8,Jus de pommes pressées
3083680019408,"2,85",10.9,Haricots Verts Extra-fins Précuits Vapeur
3161919369286,"3,15",3.9,Les Mini-Beurre Doux
3179140123805,"2,15",9.2,Sucre Vanillé
3245411157944,"1,45",2.35,Boisson au soja vanille
3302741843104,,6.6,Le Couscous à la Marocaine et ses légumes
